ticker,name
AAPL,Apple
ABNB,Airbnb
ADBE,Adobe
ADI,Analog Devices
ADP,Automatic Data Processing
ADSK,Autodesk
AEP,American Electric Power
ALAB,Astera Labs
ALNY,Alnylam Pharmaceuticals
AMAT,Applied Materials
AMD,Advanced Micro Devices
AMGN,Amgen
AMZN,Amazon
APP,AppLovin
ARM,Arm Holdings
ASML,ASML Holding
AVGO,Broadcom
AXON,Axon Enterprise
BKNG,Booking Holdings
BKR,Baker Hughes
CCEP,Coca-Cola Europacific Partners
CDNS,Cadence Design Systems
CEG,Constellation Energy
CMCSA,Comcast
COST,Costco
CPRT,Copart
CRWD,CrowdStrike
CRWV,CoreWeave
CSCO,Cisco
CSX,CSX
CTAS,Cintas
DASH,DoorDash
DDOG,Datadog
DXCM,DexCom
EXC,Exelon
FANG,Diamondback Energy
FAST,Fastenal
FER,Ferrovial
FTNT,Fortinet
GEHC,GE HealthCare
GILD,Gilead Sciences
GOOGL,Alphabet
HON,Honeywell
HONA,Honeywell Aerospace
IDXX,IDEXX Laboratories
INTC,Intel
INTU,Intuit
ISRG,Intuitive Surgical
KDP,Keurig Dr Pepper
KHC,Kraft Heinz
KLAC,KLA
LIN,Linde
LITE,Lumentum
LRCX,Lam Research
MAR,Marriott International
MCHP,Microchip Technology
MDLZ,Mondelez
MELI,MercadoLibre
META,Meta Platforms
MNST,Monster Beverage
MPWR,Monolithic Power Systems
MRVL,Marvell Technology
MSFT,Microsoft
MSTR,Strategy
MU,Micron Technology
NBIS,Nebius Group
NFLX,Netflix
NVDA,Nvidia
NXPI,NXP Semiconductors
ODFL,Old Dominion Freight Line
ORLY,O'Reilly Automotive
PANW,Palo Alto Networks
PAYX,Paychex
PCAR,Paccar
PEP,PepsiCo
PLTR,Palantir
PYPL,PayPal
QCOM,Qualcomm
REGN,Regeneron
RKLB,Rocket Lab
ROP,Roper Technologies
ROST,Ross Stores
SBUX,Starbucks
SHOP,Shopify
SNDK,Sandisk
SNPS,Synopsys
STX,Seagate Technology
TER,Teradyne
TMUS,T-Mobile US
TRI,Thomson Reuters
TSLA,Tesla
TTWO,Take-Two Interactive
TXN,Texas Instruments
VRTX,Vertex Pharmaceuticals
WBD,Warner Bros. Discovery
WDAY,Workday
WDC,Western Digital
WMT,Walmart
XEL,Xcel Energy
